{"cameraMode":{"drawMode":0,"name":"Shaded","section":"Shading Mode"},"sceneLighting":true,"audioPlay":false,"sceneViewState":{"m_AlwaysRefresh":false,"showFog":true,"showSkybox":true,"showFlares":true,"showImageEffects":true,"showParticleSystems":true,"showVisualEffectGraphs":true,"m_FxEnabled":true},"in2DMode":false,"pivot":{"x":1.467932939529419,"y":16.487157821655275,"z":-1.4377803802490235},"rotation":{"x":0.22414802014827729,"y":-0.05961121246218681,"z":0.01373800914734602,"w":0.9726347327232361},"size":8.869206428527832,"orthographic":false}