{"cameraMode":{"drawMode":0,"name":"Shaded","section":"Shading Mode"},"sceneLighting":true,"audioPlay":false,"sceneViewState":{"m_AlwaysRefresh":false,"showFog":true,"showSkybox":true,"showFlares":true,"showImageEffects":true,"showParticleSystems":true,"showVisualEffectGraphs":true,"m_FxEnabled":true},"in2DMode":false,"pivot":{"x":0.8974975943565369,"y":0.911768913269043,"z":0.549845814704895},"rotation":{"x":-0.15208683907985688,"y":0.21084162592887879,"z":-0.03322808817028999,"w":-0.9650489687919617},"size":3.1909892559051515,"orthographic":false}